{
    "A_good_day": {
        "title": "좋은 날",
        "artist": "IU",
        "pitch_hz_avg": 429.45,
        "tempo_bpm": 127.8409090909091,
        "volume_rms_avg": 0.1221,
        "pitch_min": 65.41,
        "pitch_max": 1822.07,
        "timbre_vector": [
            -219.73402404785156,
            28.511123657226562,
            -16.82239532470703,
            -23.801971435546875,
            -8.293305397033691,
            -15.982194900512695,
            -6.085172653198242,
            -18.7192440032959,
            -12.582569122314453,
            0.021849079057574272,
            -24.5107364654541,
            -3.838789701461792,
            -4.238561630249023,
            3366.4283697603846,
            0.16852521318766825
        ]
    },
    "Fine": {
        "title": "Fine",
        "artist": "Taeyeon",
        "pitch_hz_avg": 406.98,
        "tempo_bpm": 117.1875,
        "volume_rms_avg": 0.1363,
        "pitch_min": 96.87,
        "pitch_max": 1181.46,
        "timbre_vector": [
            -159.76983642578125,
            26.784513473510742,
            -0.6289586424827576,
            -23.976198196411133,
            -21.343502044677734,
            -1.810160756111145,
            -13.265597343444824,
            -13.303816795349121,
            -5.964740753173828,
            -2.461103677749634,
            -24.134462356567383,
            -11.0143404006958,
            -1.4521980285644531,
            3546.727233828134,
            0.1600089797279566
        ]
    },
    "Forest": {
        "title": "숲",
        "artist": "Choi YuRee",
        "pitch_hz_avg": 390.26,
        "tempo_bpm": 114.79591836734694,
        "volume_rms_avg": 0.1076,
        "pitch_min": 72.57,
        "pitch_max": 2093.0,
        "timbre_vector": [
            -288.4519348144531,
            34.84065628051758,
            -16.88930320739746,
            -17.214523315429688,
            7.001511096954346,
            -14.578657150268555,
            -8.580204010009766,
            -13.699285507202148,
            -10.484940528869629,
            -5.6826348304748535,
            -14.678779602050781,
            -13.980128288269043,
            -2.6889803409576416,
            2771.511369724808,
            0.11342167541058394
        ]
    },
    "Good_Goodbye": {
        "title": "Good_Goodbye",
        "artist": "Hwasa",
        "pitch_hz_avg": 360.58,
        "tempo_bpm": 101.33272058823529,
        "volume_rms_avg": 0.1277,
        "pitch_min": 73.84,
        "pitch_max": 2080.95,
        "timbre_vector": [
            -175.2334747314453,
            47.498558044433594,
            -34.15357208251953,
            -15.476800918579102,
            -21.832258224487305,
            -18.838504791259766,
            7.385275840759277,
            -33.99053192138672,
            1.3528462648391724,
            -0.6533885598182678,
            -24.45986557006836,
            -9.518729209899902,
            -10.504758834838867,
            2857.7767426181617,
            0.131897018730454
        ]
    },
    "Love_wins_all": {
        "title": "Love_wins_all",
        "artist": "IU",
        "pitch_hz_avg": 446.92,
        "tempo_bpm": 152.02702702702703,
        "volume_rms_avg": 0.1122,
        "pitch_min": 65.41,
        "pitch_max": 2010.06,
        "timbre_vector": [
            -230.71810913085938,
            6.930181503295898,
            -20.830827713012695,
            -15.011359214782715,
            -12.957171440124512,
            -18.22783088684082,
            -2.174800157546997,
            -23.904191970825195,
            -10.38896369934082,
            0.8619371056556702,
            -20.954404830932617,
            -4.997618198394775,
            -2.7809195518493652,
            3599.2035935421004,
            0.17145929642441565
        ]
    },
    "To_be_honest": {
        "title": "솔직하게 말해서 나",
        "artist": "Kim NaYoung",
        "pitch_hz_avg": 397.06,
        "tempo_bpm": 133.92857142857142,
        "volume_rms_avg": 0.1449,
        "pitch_min": 68.9,
        "pitch_max": 1986.98,
        "timbre_vector": [
            -191.03231811523438,
            23.311450958251953,
            -20.150949478149414,
            -13.657086372375488,
            -12.569524765014648,
            -13.758317947387695,
            3.1477980613708496,
            -26.11228370666504,
            -13.254576683044434,
            -3.946831703186035,
            -16.29532241821289,
            -11.53805923461914,
            -4.174976825714111,
            3327.4707143501664,
            0.1649300984047975
        ]
    }
}